{"train/stu_loss": 1.973079800605774, "train/stu_cls-loss": 0.2297167181968689, "train/stu_src-discrim-loss": 0.6921535134315491, "train/stu_tgt-discrim-loss": 1.051209568977356, "train_iter": 8800, "_timestamp": 1718628878.1925159, "_runtime": 11967.795587778091, "_step": 8809, "epoch": 200, "val/student_mean_acc": 81.94248703354063, "val/student_mean_best_acc": 81.94248703354063, "val/student_dslr_acc": 84.13654642411504, "val/student_dslr_best_acc": 84.13654642411504, "val/student_webcam_acc": 79.74842764296622, "val/student_webcam_best_acc": 79.74842764296622, "_wandb": {"runtime": 11967}}